,54,12,17,27,24,44,16,33,37,50,09,10,35,06,34,55,41,31,42,53,22,13,01,49,39,48,08,45,40,47,56,38,21,23,36,32,26,05,28,29,30,20,18,46,25,51,11,19,04
54,0.0,47806974670.26187,63958483709.398964,7557342618.249945,151762879546.96603,3566791080.3092656,633490681.8067077,3158626113.2797685,118650689638.96373,1173221435.7717183,22871697314.902508,8517260370.575792,2113747165.6144502,16249308046.012861,87870903241.3515,12559258193.515163,1022696753.0596555,1859317910.0430334,62207195005.868034,2549820272.298428,7812652924.034662,62028794162.15347,21670490625.59113,2864249502.5386643,252551410383.22986,36249053662.66561,5188785267.045006,53852120478.18243,6184938570.820759,71289973727.2775,653752337.8037479,618280222.9213642,108498601369.90926,1878786567.785076,57418232272.34397,1081296791.4715652,40463113747.82791,8936154835.403606,7917886665.394032,27205648702.239155,567823414.2242275,4299706096.704037,67203817070.853096,1200641679.9448519,25108929909.762444,195577446044.07315,3679282639.8948636,6093762012.322719,3650397413.61259
12,47806974670.26212,0.0,214620471392.15668,40528994921.79377,227157249337.1027,11523629843.161827,5734416017.895211,12393957569.849892,668764461300.9508,4571265850.917442,66418662294.99385,14619114460.374828,23904934400.522114,187710789935.61276,171686902290.48148,57289007563.6282,9637587534.63218,12677014704.483835,69348867009.03093,22290644203.397266,249529236452.50504,3171436158227.2915,402687700741.08795,25299424135.1602,292980916422.03357,510539221971.2748,40534453578.07338,644666419660.7605,62219376468.63205,556673574493.8347,5274906024.39444,3912411912.6387863,218850440942.0204,8555426475.908755,123409596974.95181,9827796471.873268,113464653679.77419,93285856757.85559,138919636507.1177,156615737769.8352,4466434490.90547,28886304597.031944,158484472503.18814,7949456677.27723,85582309805.0736,361298152350.75543,6291436187.694864,28350277306.72308,41082382581.2823
17,63958483709.398964,214620471392.15625,0.0,247401895357.14453,179440309984.03326,10102325218.414537,8974504784.90314,10717189793.339575,211320603019.2509,4097414636.9953995,61135362881.36609,12383906060.303637,35069148686.41051,198727461604.8225,161772143737.37402,750091545327.0878,13212588894.020475,50003346737.21894,129837169131.31172,33861393411.320515,107931145932.55089,297377360202.10626,176068457896.14096,42413043015.94968,1219024463371.8684,574296380204.744,97885704250.11714,115623650534.54826,171655393690.18115,378608928880.02094,11623556041.905937,13277295503.640854,485802497931.8551,7119903912.337871,180213606542.78583,15172455247.06715,463358411155.01886,184625357632.8208,145597448677.29587,1984716025359.858,9378626462.095179,130075382536.2764,2917336417511.6997,31106031834.681877,76588220271.54486,252668648359.79617,4621298058.66966,385960186774.47394,52688624245.68703
27,7557342618.249948,40528994921.7939,247401895357.14474,0.0,28173593377.349083,2113027333.5556562,5440071446.646522,2417319136.688438,33954915909.214535,915143672.5355774,12302113405.14872,2043868010.5947871,9547959834.03277,73243794179.9801,26851876908.458313,200766416932.40417,7299074638.310727,18151016048.40031,20677538645.342194,23640162869.24691,16172828540.305147,46872267025.604935,21278126051.421646,19143801089.06207,96400193589.29146,145642200158.86084,29741039451.654022,17662460398.737858,36728902226.38477,44265364190.91049,6987090774.348207,36371253345.68671,40676337133.503334,1689069400.4422133,33553035573.160347,6764699106.186795,63418906703.94019,16989927194.162374,14459509974.156248,86092598166.59451,9691260837.76284,31601393382.497036,88152478722.90366,26855346066.49945,16515333711.760475,37015821586.39071,735759559.6211958,200589712980.84137,15225947043.260756
24,151762879546.96582,227157249337.10202,179440309984.03387,28173593377.349117,0.0,42481741064.65429,2615750877.98487,30857339281.36867,987193420908.9065,11536503960.608837,309357822280.3305,472565861663.379,8253374045.501391,68504070370.52635,2538063557460.689,44026979855.35709,4315671562.297183,6805528564.868288,379262161149.4921,10997102387.138592,28223366282.6515,278492799766.07745,67214851486.28496,11646904075.262281,563878572090.9495,116561550311.05368,19698762432.92408,196558550862.21017,21829824150.705704,149711068934.1349,2616993340.3888874,2440823090.1937957,136790815955.03387,16142499877.857218,464428925631.8719,4474635648.439207,143196658632.8621,23966416400.37916,23695339612.001595,84766821517.54019,2351981925.1803045,14965260869.210524,160008616658.85788,4515321022.150918,282051636518.471,2569649156325.4097,1215111536753.227,20065867166.718784,14734804551.732578
44,3566791080.3093348,11523629843.161633,10102325218.414515,2113027333.5555935,42481741064.65436,0.0,232662445.00326726,32140865931.935852,20684978545.850155,6141271717.007139,329927297003.154,6137735124.177326,656924314.9957939,6006510222.957997,126153087982.1468,3081190258.9353194,393131922.5670048,534642628.2704312,24520828724.57651,993676230.3276578,1818977865.9946365,12091361210.53664,3501742079.1520047,1014285735.951383,25746909959.516155,8545145428.332528,1516352813.2147486,6398240131.389183,1547848916.528827,7027797346.167981,221158961.3747603,196086273.8967206,6086507892.841012,8177960990.839766,82972161651.25945,398957042.20928663,8689399154.787922,1544077666.1192653,1393714097.2412322,5293857585.060477,201449835.85927585,1045271994.2174553,7730775931.966234,356529008.1651015,2020797073977.3672,28151158235.38919,971592104.6368757,1430859657.853172,1221756792.436991
16,633490681.806708,5734416017.89526,8974504784.90397,5440071446.646509,2615750877.984955,232662445.00326836,0.0,284578501.9496144,3586700311.9469686,106188589.44618304,1288801958.4366329,198665703.2800281,3551365537.1074824,87548684623.59467,2620481376.2637954,3508879453.08192,58473503355.72955,3159245610.3244553,1669969023.8151836,32401966173.96849,2645777819.178837,5714676690.283094,2468262997.874344,76057231988.39706,6304095835.933372,20522509031.311584,15535589442.396622,1816484599.9429884,3974709096.0055003,4112815155.7120414,2692670236.016921,1269494202.650888,2797645300.019753,214767551.36405995,3065172601.5139513,16397949259.791487,3975093468.538009,2243369323.014472,1515228450.4596984,6510494939.836466,6874816812.414008,3772037209.7860484,4051230798.878117,1681663645.8713102,1822505509.0877168,3623120343.103884,69175747.3183329,2578034720.7935734,9352498731.25796
33,3158626113.2797966,12393957569.8496,10717189793.339659,2417319136.6883373,30857339281.368755,32140865931.935833,284578501.9496139,0.0,19096276526.99148,24739977581.652412,121086638591.4052,3746488594.9847846,776828027.1372567,7356522635.871022,66061449951.594475,3438906794.300998,485595481.420411,622979672.0999923,18690739651.54783,1222395290.2591941,2049554602.9231746,12582622674.627548,3736271008.5141106,1233905797.8937135,24295814411.764294,9959224586.141317,1772437523.575376,6311405502.428029,1760301953.567444,7376336997.831666,264769471.8219728,230165244.5723664,6282743740.263655,11917322044.042456,80282362774.50221,488456408.62921274,9249137894.68277,1733122858.7848516,1532644404.656993,5786981526.19515,242467783.1513596,1182977558.6742415,7873903261.730305,415748510.6275446,487565656498.4564,24185342012.295452,735095338.8677607,1609838254.9901924,1465926060.2034712
37,118650689638.96349,668764461300.95,211320603019.2499,33954915909.214268,987193420908.9086,20684978545.849842,3586700311.9469585,19096276526.99125,0.0,7082720134.149097,129467038526.4603,45716769441.12845,13283115275.652271,107505256996.78351,461935172831.5905,50954665783.87413,5975241519.919699,8853969008.889664,143178885660.93716,14759750153.176886,69051633171.99763,1018739657507.5807,220182311768.90997,15907966967.39368,483324161116.474,257604645075.63562,26152392188.938953,1235893798640.3752,35218662270.824844,388953723392.11053,3453314283.742933,3060663164.8332415,217161596208.15472,11702018944.162622,224058378117.21814,6141572814.672487,127604981285.71912,52419435225.39296,65136261534.73592,104457443419.32343,3064557129.6575484,19203708275.771664,174490115200.57355,5765048514.902129,147340204392.73563,2098761919135.6187,28963148734.28415,25036615040.856373,23458595747.49326
50,1173221435.7717278,4571265850.917347,4097414636.9954424,915143672.5355408,11536503960.60883,6141271717.007144,106188589.4461827,24739977581.652378,7082720134.14917,0.0,46971731861.66241,1408033793.1017313,291050031.0880492,2737735599.0321527,24933692819.416107,1308739857.753336,180807081.90523937,234920045.15040407,6994687894.319459,455555431.25338507,754589745.293805,4646613633.214006,1378465952.3416123,460970187.6606347,9484393661.709227,3741670038.025935,665535579.9807593,2335325620.661165,664405824.9460943,2814012062.700026,99260128.39604378,86656484.97502011,2412713240.616331,2931927559.4852433,33938083159.991913,182225318.00831437,3555038882.4441915,655754350.3085824,573974094.0964376,2200358746.623255,90793700.66661143,446908126.87219703,3032612245.3177867,156749776.74194992,75893208415.28535,8992599885.150347,274472249.4706086,611614808.867763,547706436.2409035
9,22871697314.90291,66418662294.99304,61135362881.36652,12302113405.14839,309357822280.3318,329927297003.15314,1288801958.4366448,121086638591.40538,129467038526.46182,46971731861.66244,0.0,50934737842.10969,3690917518.281903,32993241282.274475,1196388670685.5864,18285297285.749306,2162379758.334085,3069534953.2658644,194416219892.7092,5481620271.328585,10242845727.427008,70885509707.5526,20265362285.66056,5640603628.514614,170187011057.92554,48471023249.29847,8584750387.424655,38593570312.92723,8924938510.496756,41229367159.78812,1244392829.9527917,1119605305.8567405,37383444782.8889,34868464943.77712,765005718318.0243,2208410570.793752,53560629736.40411,8982835672.603558,7943393414.340318,31364592143.991447,1129049457.4049659,6046918091.065631,48193318784.11878,2045778198.8107708,3120658066366.053,183822790989.9857,6880657422.084463,8438445391.587078,6799864340.837537
10,8517260370.575777,14619114460.37484,12383906060.303677,2043868010.5947857,472565861663.37994,6137735124.17731,198665703.2800233,3746488594.984777,45716769441.128494,1408033793.1017292,50934737842.109344,0.0,617801407.2493745,5235723983.9431305,1534663684396.9038,3133044317.9001484,329772395.6602057,500341047.365331,44256111335.370834,838250948.6852409,1977580301.8215413,17024811563.44247,4432925795.116308,881368877.6956146,35242701237.055984,8461086347.274458,1463695259.1550212,10847198442.494238,1592232219.850714,9568800337.358234,196041780.8038025,180403471.19592136,9111901981.514057,1778617964.2547243,57015351379.195885,340055532.3887438,9778721751.480062,1681100488.18221,1618568149.4402442,6001010226.81447,176811157.6627746,1087771444.1254194,10616173054.77314,332185147.31239223,38577150980.49851,88039150933.03503,7237171063.234478,1436786840.0098643,1112819731.163443
35,2113747165.6144588,23904934400.522053,35069148686.41048,9547959834.033127,8253374045.501434,656924314.9958091,3551365537.107455,776828027.1372746,13283115275.652208,291050031.0880564,3690917518.282006,617801407.2493788,0.0,208641610953.293,8136801089.5712185,8527281474.451792,4758098514.360663,8861724033.455015,5129889566.931903,9657650213.456581,16451779315.501518,26297314018.699257,12638704457.761412,18375776668.81866,22516521599.480312,309096701149.1166,114338756290.62985,7927837284.648298,49724502968.46199,21440899913.126915,5611366566.258563,1152593913.2471604,11643742474.70774,573485465.7144965,8959093896.840248,5943002020.021507,11249434312.182571,17655088864.10438,8842188654.70276,41124952672.407585,2924532449.040511,14706221140.422436,15585796906.754383,2502711934.740094,5065519148.183873,11723313507.50125,217404216.0647462,8219452960.364977,181271918305.7779
6,16249308046.013191,187710789935.61862,198727461604.82193,73243794179.9795,68504070370.52811,6006510222.958088,87548684623.5948,7356522635.871117,107505256996.78671,2737735599.0321913,32993241282.274628,5235723983.943271,208641610953.29044,0.0,69106622576.61742,60610898620.07453,302912538566.2045,43690274802.00261,41063554763.77333,487382096623.41504,88828252834.6431,186060906225.61108,80012286171.13887,661049145915.4313,156864348052.3812,819911824718.2144,218746710210.0653,59275610791.53691,128280445964.29262,133228089631.8199,29943068947.5688,13649080936.26852,77295278037.84232,5633420594.821919,75856728296.83539,676078827263.2108,86104250528.13475,74778601263.87683,50055844593.015045,182852749405.0933,39198156294.485,64485358999.53441,96234169141.6754,19826972558.759727,46563010569.55098,96227867012.27893,1814749939.644306,45043957124.45841,1180381783831.871
34,87870903241.35107,171686902290.48148,161772143737.3744,26851876908.458405,2538063557460.683,126153087982.1468,2620481376.2637305,66061449951.59459,461935172831.5911,24933692819.416138,1196388670685.5825,1534663684396.9058,8136801089.571226,69106622576.61548,0.0,41086959807.82716,4352586090.280061,6577623974.184951,718137201760.913,11064943219.121061,24195463502.27766,194817043522.58575,52409137229.151855,11621223283.979563,456804214867.9143,109253194151.92726,19263069817.87255,118214157606.07266,20915003512.234753,111208242100.56847,2583425220.7750926,2374291772.4234114,105704009804.3083,29081975662.080772,884773545713.7565,4485756020.52124,127752205492.6634,21510672125.83296,19515845273.916798,78590329266.35797,2330793727.4877243,14283562047.717693,138147895220.66202,4369960741.435802,753444702165.0936,796751380713.2603,46816520877.572044,18837893921.25304,14669964380.269825
55,12559258193.515144,57289007563.628235,750091545327.0859,200766416932.4039,44026979855.356926,3081190258.9353714,3508879453.0819063,3438906794.3010697,50954665783.87439,1308739857.7533607,18285297285.74959,3133044317.900136,8527281474.4517975,60610898620.073074,41086959807.8269,0.0,5180598380.1725645,13777948725.865086,34367325536.60479,15640759574.87899,23108218387.117817,70639520890.49211,33534004448.080276,14137736564.732986,181851624582.6411,125244995514.63512,25302939207.260612,26973386096.92966,29077315945.556038,73808254612.27898,5713136463.627228,8045215612.414899,74877196700.78867,2338672754.5917687,52756007183.902176,5153318660.435644,120221069369.01637,28792485149.197582,24029100744.72528,159269983051.4288,4669871412.50089,23882259453.149883,209697278327.51678,17560921465.29397,24062358110.57233,57341405470.77861,1143644515.6353164,97227871460.29814,14060032049.890446
41,1022696753.0596534,9637587534.63218,13212588894.021427,7299074638.310666,4315671562.297302,393131922.5670054,58473503355.729614,485595481.42041117,5975241519.919698,180807081.90523967,2162379758.33406,329772395.6602124,4758098514.360656,302912538566.20605,4352586090.280151,5180598380.172553,0.0,3711297070.208632,2708699618.313191,267423652640.39444,4133981924.3634305,9331695918.91674,3938254363.610707,47560481069.89797,9899501847.042097,30624226221.2794,17042146004.492907,3002163660.849728,5523040267.501145,6537704341.663018,2931946388.5395722,1498903723.629147,4410125194.722699,370813358.3254676,5048904568.784641,13922703353.49918,6266222105.745331,3351505827.1511097,2373158864.66345,9526961261.900406,5478481002.7895,4821156878.115556,6146994436.42435,2093947087.365235,3080485267.830465,5970949592.50689,114320248.51011638,3563348463.15878,13347373923.858335
31,1859317910.0430455,12677014704.483843,50003346737.22248,18151016048.401382,6805528564.868111,534642628.2704224,3159245610.3244724,622979672.0999849,8853969008.889322,234920045.15040082,3069534953.265806,500341047.3653139,8861724033.455023,43690274802.002975,6577623974.184661,13777948725.865177,3711297070.208641,0.0,4776153574.176507,7323097038.440767,5855171110.687855,14524472308.602615,7082093693.043675,17409105266.944653,21928390647.906494,54156078675.59801,81838346093.40948,4558361584.315391,14407898124.748121,12044623206.827574,7740703792.179209,1916636663.616042,9482937634.10599,444366864.21627223,8045722686.275624,5208231467.228457,13493571633.766151,5892231467.028124,4823800891.821012,31700877450.185654,2880544677.7618475,12793816245.285664,17826518597.750156,5764185643.541785,4181314142.4899554,9474168796.72737,178383373.4650857,26829604908.31496,11138083911.87929
42,62207195005.868126,69348867009.02988,129837169131.31297,20677538645.342148,379262161149.4924,24520828724.576366,1669969023.8151264,18690739651.547764,143178885660.93765,6994687894.319449,194416219892.70773,44256111335.37098,5129889566.931824,41063554763.772804,718137201760.9174,34367325536.60508,2708699618.313119,4776153574.176435,0.0,6962882784.081166,14031451554.782486,74993158195.91924,31385182525.90398,7449920109.797994,721624865164.2864,70743700152.17021,12405178197.767908,45556436186.8121,14215699430.95361,82955415715.5376,1742366602.2061799,1691484682.2520392,89397517784.24033,9597766309.168945,459827447499.95935,2851813281.61792,128687815227.38193,15033767062.571808,12841581532.737213,58367894080.962456,1549846584.887633,9807532330.20508,125486594732.92982,3173514148.1039567,174611943044.42453,276843737992.7387,8361070838.133914,15278487776.739788,9016614310.264198
53,2549820272.298497,22290644203.397053,33861393411.323433,23640162869.246716,10997102387.138615,993676230.3276539,32401966173.96838,1222395290.2591882,14759750153.176886,455555431.2533836,5481620271.328472,838250948.6852422,9657650213.456562,487382096623.4167,11064943219.121021,15640759574.878952,267423652640.39465,7323097038.440738,6962882784.0810585,0.0,8698958466.43473,21608916276.084766,9128249841.928738,66790424499.31913,24998465295.958057,63726631960.35579,33164812103.123093,7326764673.986071,11303078665.221191,15155669374.624817,11034424611.670174,5324829276.2752285,11072488648.626179,928884232.7897604,12896675210.850977,21319764638.61193,16296396095.545147,6976159703.88606,5504743809.939446,21995020180.67029,25589756778.362663,9684541060.484728,15740202324.564922,7159640136.987727,7785175020.62963,14796612629.181063,291113543.544823,9705564408.447083,24765514772.96878
22,7812652924.0347395,249529236452.50467,107931145932.55061,16172828540.306293,28223366282.651566,1818977865.9946706,2645777819.1788096,2049554602.9232197,69051633171.99748,754589745.2938199,10242845727.427189,1977580301.82155,16451779315.501602,88828252834.64328,24195463502.27772,23108218387.117817,4133981924.363424,5855171110.687842,14031451554.782808,8698958466.434664,0.0,195829595059.7054,149157133380.2587,12210465353.134672,68230936333.60253,760889764121.1226,24695664238.42252,49737242491.37588,77017596951.79329,125440821215.48859,2834133930.719951,1657686966.5950692,56479024298.79875,1472059855.636898,23589955520.02943,4500938547.481584,31352067634.064095,108355118967.67097,230796527794.0023,80074289185.44495,1960980508.6995728,23889036651.047832,51556277727.88925,3585910531.505082,13675656910.232817,50238428913.11012,768223035.4887733,13703523928.17435,23885653624.924343
13,62028794162.15395,3171436158227.29,297377360202.1073,46872267025.60484,278492799766.0787,12091361210.536757,5714676690.283033,12582622674.627773,1018739657507.5807,4646613633.214079,70885509707.55296,17024811563.442472,26297314018.69934,186060906225.605,194817043522.58585,70639520890.49219,9331695918.916733,14524472308.602634,74993158195.91985,21608916276.084976,195829595059.70602,0.0,1253046628880.6672,25656812409.07038,443922248916.34485,599643494372.708,44825601147.815865,1424261395271.377,83406064628.71457,1495572960304.6545,5571414469.199672,4241877926.223262,418666764105.0631,8453311136.027106,129798313494.52817,9765625971.822708,144899586895.34183,155041597818.07556,226478098275.9085,220074603874.39984,4592610621.283894,35451542835.71074,245891040900.25003,8972080859.467087,89010153318.05959,460661645512.1429,7777410258.692896,34690921570.297935,43775782792.59634
1,21670490625.591038,402687700741.08844,176068457896.14056,21278126051.421658,67214851486.28516,3501742079.1520705,2468262997.8743286,3736271008.5141964,220182311768.9096,1378465952.3416395,20265362285.660915,4432925795.116315,12638704457.76133,80012286171.13829,52409137229.15184,33534004448.08026,3938254363.610734,7082093693.043672,31385182525.90369,9128249841.928846,149157133380.2586,1253046628880.6682,0.0,11241716610.805952,198108283145.66708,345657417205.3748,21161975709.94573,224459029631.74323,47610173510.18082,965257108061.6322,2526290399.5805516,1967692050.7299197,270109544298.2028,2562050833.967858,48423250680.60289,4208005286.7683177,60666546646.90602,115123234089.45981,229016323180.85645,132388659442.95357,2035594382.2087915,18464986778.96381,110775298263.56148,4314612583.32202,25951124485.320835,137429301261.53,1842891241.0665169,17748490013.42735,20001070326.682884
49,2864249502.5386896,25299424135.1602,42413043015.9538,19143801089.06189,11646904075.262407,1014285735.9514017,76057231988.3972,1233905797.8937175,15907966967.393755,460970187.66063714,5640603628.514636,881368877.695624,18375776668.8186,661049145915.4377,11621223283.979593,14137736564.733534,47560481069.897865,17409105266.944645,7449920109.798375,66790424499.31917,12210465353.134779,25656812409.07048,11241716610.80601,0.0,28931366665.67151,97580417863.15437,93615087656.36467,8095547283.069536,19838859141.893982,18775819638.784836,12617221220.217268,4335666139.8171835,12839132391.975859,925222825.5295594,13554708570.265345,143686624530.45544,18028875220.069187,10658591331.220701,6982326894.288922,31362039988.76881,21211153321.51351,20007209267.118977,18796200783.22965,5816288662.123611,7943761593.94489,16175324738.704983,307707455.6430018,12681708581.37135,79143017802.21342
39,252551410383.22916,292980916422.03357,1219024463371.8662,96400193589.29211,563878572090.9487,25746909959.515854,6304095835.933022,24295814411.764236,483324161116.4741,9484393661.709194,170187011057.92365,35242701237.05597,22516521599.480335,156864348052.37805,456804214867.9147,181851624582.64264,9899501847.041708,21928390647.906578,721624865164.2843,24998465295.958183,68230936333.60234,443922248916.3428,198108283145.66812,28931366665.67136,0.0,332166276915.8344,57432908208.952065,222029308923.7129,76091289462.52815,687271615395.9691,6943452089.667154,7079058187.680607,1156339024350.1157,14574456008.274523,657131603039.358,10729931030.301746,715957608290.1786,87254584942.72646,72378767081.35597,410958078386.22986,5941015630.671449,54040937109.11024,2149960053507.3142,14036106634.744516,191484375629.31757,660482266243.7738,14115163605.370598,85186383691.04082,37222514910.598305
48,36249053662.665634,510539221971.2712,574296380204.744,145642200158.8668,116561550311.05215,8545145428.332742,20522509031.31142,9959224586.14158,257604645075.63376,3741670038.026035,48471023249.29968,8461086347.274416,309096701149.1152,819911824718.2173,109253194151.92595,125244995514.63518,30624226221.2794,54156078675.59797,70743700152.17072,63726631960.35576,760889764121.1251,599643494372.7037,345657417205.3734,97580417863.15393,332166276915.8329,0.0,234887391013.305,168649710764.60437,1580740060675.179,479540862872.632,24432115909.59901,14028196809.292696,242167219194.16107,7244527182.579575,120457796757.64424,34745231416.64003,157763055646.82504,608579269554.0135,391610385147.17566,787946926767.5349,15675563763.180405,304760213458.4396,245266370926.88293,32343999508.54676,65744966382.33209,198990516314.09998,3165488676.4086304,139940781653.5732,279672065587.91705
8,5188785267.045055,40534453578.07346,97885704250.1172,29741039451.655293,19698762432.924274,1516352813.214809,15535589442.396713,1772437523.5754457,26152392188.939213,665535579.9807863,8584750387.424994,1463695259.155038,114338756290.62979,218746710210.0674,19263069817.872604,25302939207.260803,17042146004.49296,81838346093.40942,12405178197.7682,33164812103.12331,24695664238.42265,44825601147.81604,21161975709.945805,93615087656.36462,57432908208.95234,234887391013.3054,0.0,13629824241.407927,66241230520.75125,35789765438.191345,50792656687.80712,4604890587.716603,25178600858.08727,1293107182.921542,21232735013.085545,25403506852.35017,29043451086.093403,25535978910.2711,14004043981.396019,81940469464.97662,15011693885.845463,112321117583.23839,41824765906.57499,11455008947.088139,11671790958.35884,27470501697.802505,517842197.81398493,29513056810.15129,94749614023.11295
45,53852120478.182304,644666419660.759,115623650534.54878,17662460398.73788,196558550862.21002,6398240131.389102,1816484599.9429705,6311405502.427973,1235893798640.3765,2335325620.6611443,38593570312.92683,10847198442.494215,7927837284.648335,59275610791.535034,118214157606.07243,26973386096.92977,3002163660.8497276,4558361584.315534,45556436186.811905,7326764673.985975,49737242491.376076,1424261395271.3765,224459029631.74323,8095547283.06953,222029308923.713,168649710764.60587,13629824241.40791,0.0,23280843415.074886,294890779575.1306,1744417627.4377723,1564728604.0041406,127373494396.38469,4064568209.6271596,74811723496.12437,3107911490.39064,59248406668.378685,39117723440.92051,52886502175.341644,60112964362.36911,1541797603.7804892,10297392767.324991,98902144732.82996,2963641393.0895495,46420978887.58042,422450993656.38165,5584750497.39145,13225311480.00288,13525090764.64502
40,6184938570.820805,62219376468.63118,171655393690.1812,36728902226.38686,21829824150.705788,1547848916.5288863,3974709096.0054913,1760301953.5675147,35218662270.82435,664405824.9461199,8924938510.497099,1592232219.8507237,49724502968.46209,128280445964.29332,20915003512.23465,29077315945.556206,5523040267.501178,14407898124.748121,14215699430.953884,11303078665.221243,77017596951.79323,83406064628.7135,47610173510.180824,19838859141.894005,76091289462.52783,1580740060675.174,66241230520.75125,23280843415.0746,0.0,83342292579.78378,5670770692.248984,3148223871.802315,40635762247.26964,1249536903.503275,23115937635.46021,6678106383.652679,33114594102.681755,167394686098.9446,40195497007.133125,375116633198.02155,3188419302.9813333,195639567005.5358,64551541669.91524,8182307045.283863,11863889648.0992,30571067555.882168,570942180.564971,46339728841.94411,49434505791.76482
47,71289973727.27739,556673574493.8363,378608928880.0217,44265364190.910614,149711068934.13544,7027797346.168019,4112815155.7120137,7376336997.831749,388953723392.11115,2814012062.7000475,41229367159.78826,9568800337.358257,21440899913.12675,133228089631.81851,111208242100.56847,73808254612.27922,6537704341.6630335,12044623206.827574,82955415715.53708,15155669374.624878,125440821215.48807,1495572960304.655,965257108061.6339,18775819638.784725,687271615395.9696,479540862872.63416,35789765438.19117,294890779575.1309,83342292579.78398,0.0,4243440999.042796,3610566509.614561,2135303544905.3682,4954709247.358369,118709727063.36046,7009023421.42615,160608118415.29962,212845782879.32242,181345621887.56506,234128996307.13995,3406288054.408731,31775044833.640495,401643428175.4506,7320266245.578386,52189095614.984726,330780424180.16565,4120648310.380343,35796765537.52551,33638939148.642567
56,653752337.8037452,5274906024.394452,11623556041.90653,6987090774.3482,2616993340.388896,221158961.37476715,2692670236.0169344,264769471.82198122,3453314283.7428164,99260128.3960472,1244392829.952833,196041780.80380327,5611366566.258563,29943068947.569046,2583425220.7750964,5713136463.627243,2931946388.5395703,7740703792.179209,1742366602.2062104,11034424611.670204,2834133930.7199693,5571414469.199691,2526290399.5805607,12617221220.217253,6943452089.667205,24432115909.599056,50792656687.80714,1744417627.4377234,5670770692.248966,4243440999.042817,0.0,2006108854.143195,3050370710.961715,194825401.13979638,3085519427.539436,3690422845.4854116,4443163169.059723,2663358433.4076934,1614600899.4059868,8127167841.532394,12079988173.691122,6877770616.674258,4853053563.696092,6735241634.253028,1731181490.0502083,3571287357.970515,68949151.92736073,4322053841.726677,7085808515.478355
38,618280222.9213696,3912411912.63874,13277295503.640945,36371253345.68667,2440823090.193801,196086273.8967285,1269494202.6508973,230165244.57237583,3060663164.833278,86656484.9750236,1119605305.8567836,180403471.19592208,1152593913.247166,13649080936.268614,2374291772.4234114,8045215612.414929,1498903723.6291509,1916636663.6160364,1691484682.2520764,5324829276.275252,1657686966.5950477,4241877926.223198,1967692050.7298892,4335666139.817207,7079058187.680655,14028196809.292685,4604890587.716608,1564728604.004143,3148223871.8023095,3610566509.614561,2006108854.1431942,0.0,3047052077.5379157,165549093.15444282,2889873248.888081,1430560491.4300985,4638889956.973551,1529979426.2843199,1282324293.4128876,6908082547.915739,3734594725.5594835,2539859897.522831,5468577238.589488,3189497112.0468297,1533918178.2380867,3233984159.982965,64071158.495616935,5762345154.184262,1872796285.5036647
21,108498601369.90881,218850440942.0207,485802497931.85486,40676337133.50354,136790815955.03322,6086507892.840919,2797645300.0197406,6282743740.263576,217161596208.15408,2412713240.616293,37383444782.8885,9111901981.514011,11643742474.707726,77295278037.84146,105704009804.30801,74877196700.78915,4410125194.722722,9482937634.105976,89397517784.24014,11072488648.62567,56479024298.798676,418666764105.06274,270109544298.20316,12839132391.975826,1156339024350.1145,242167219194.16214,25178600858.087246,127373494396.38461,40635762247.27001,2135303544905.3682,3050370710.9617014,3047052077.5379167,0.0,4081966358.8626294,115894698640.14445,4763635034.7673,173462753647.18604,86808850538.15088,75116327800.3027,172199291370.47003,2603726921.3702655,23274619245.71356,739093672990.6969,6078116240.565649,45830090668.08015,295799287864.608,3487706404.144989,35854070254.159065,18832179385.820515
23,1878786567.7850773,8555426475.908503,7119903912.3378725,1689069400.4421306,16142499877.857162,8177960990.839799,214767551.3640619,11917322044.04249,11702018944.16267,2931927559.4852457,34868464943.77696,1778617964.2547188,573485465.7144912,5633420594.821902,29081975662.08055,2338672754.591695,370813358.3254709,444366864.21627265,9597766309.16887,928884232.7897723,1472059855.6368659,8453311136.026891,2562050833.967786,925222825.5295659,14574456008.274408,7244527182.579502,1293107182.9215171,4064568209.627151,1249536903.5032232,4954709247.358262,194825401.1397928,165549093.1544367,4081966358.8626223,0.0,34267739283.35794,369061484.2550836,5982680693.305836,1214539661.9839108,1077969488.9872205,3953756944.049082,179535289.67449307,835723441.75726,5042013104.284319,296802419.9389577,87943647202.91621,14086261688.182554,394184959.74129766,1104379098.0256844,1098581760.8447952
36,57418232272.34467,123409596974.94896,180213606542.7882,33553035573.15967,464428925631.87476,82972161651.26013,3065172601.5138674,80282362774.50296,224058378117.2221,33938083159.992146,765005718318.0284,57015351379.19614,8959093896.840084,75856728296.83376,884773545713.7626,52756007183.90272,5048904568.784529,8045722686.275701,459827447499.9608,12896675210.851038,23589955520.02885,129798313494.52676,48423250680.60243,13554708570.264923,657131603039.3584,120457796757.64304,21232735013.085022,74811723496.12555,23115937635.459698,118709727063.36185,3085519427.539373,2889873248.888013,115894698640.14653,34267739283.35849,0.0,5242575242.186821,173900746338.7436,23806843798.98324,20528082737.941177,87233986824.07076,2770041014.245854,15794565393.588545,154743250149.62033,5353805931.932108,957354267267.0898,386052280438.0564,10697411638.52841,23896971374.331768,16131343821.707733
32,1081296791.4715595,9827796471.873312,15172455247.068481,6764699106.186755,4474635648.439326,398957042.20928663,16397949259.791542,488456408.6292115,6141572814.672481,182225318.0083142,2208410570.793722,340055532.3887503,5943002020.021537,676078827263.2109,4485756020.52133,5153318660.435828,13922703353.499136,5208231467.228453,2851813281.617997,21319764638.611973,4500938547.481616,9765625971.82275,4208005286.768321,143686624530.45526,10729931030.302298,34745231416.64015,25403506852.35017,3107911490.390657,6678106383.652664,7009023421.426172,3690422845.485415,1430560491.4300935,4763635034.767306,369061484.2550789,5242575242.186936,0.0,6768511822.101762,3798557526.9365454,2578306291.9783072,10999660962.72877,5673317576.756859,6279124010.3463,6870879278.239099,1974570158.8891377,3125233584.351574,6197185895.073672,118355221.75896174,4328981823.761136,18315565321.71728
26,40463113747.82795,113464653679.77368,463358411155.01886,63418906703.94046,143196658632.86108,8689399154.787811,3975093468.5378046,9249137894.68261,127604981285.71968,3555038882.444126,53560629736.40352,9778721751.480005,11249434312.182562,86104250528.13222,127752205492.66272,120221069369.01704,6266222105.745093,13493571633.7662,128687815227.3813,16296396095.545195,31352067634.06413,144899586895.3409,60666546646.90617,18028875220.068264,715957608290.178,157763055646.8266,29043451086.093346,59248406668.378876,33114594102.68165,160608118415.29922,4443163169.059716,4638889956.973547,173462753647.18582,5982680693.305841,173900746338.74008,6768511822.101435,0.0,35636805025.49273,30192707998.54833,146811270561.77545,3881349835.302699,23255997145.990196,386493219724.0952,8937933463.93708,67748741636.26397,162024321188.11755,3676902070.875544,51054751239.031296,19390571478.325768
5,8936154835.403597,93285856757.8549,184625357632.8208,16989927194.162302,23966416400.379047,1544077666.1192987,2243369323.0144396,1733122858.7849116,52419435225.392525,655754350.3086042,8982835672.603746,1681100488.1822062,17655088864.104263,74778601263.87637,21510672125.83271,28792485149.19742,3351505827.1510925,5892231467.0280905,15033767062.571732,6976159703.886111,108355118967.67094,155041597818.07394,115123234089.46014,10658591331.22057,87254584942.72507,608579269554.0117,25535978910.270916,39117723440.920135,167394686098.94492,212845782879.32266,2663358433.407659,1529979426.2843056,86808850538.15074,1214539661.9839556,23806843798.983536,3798557526.936507,35636805025.49237,0.0,126351824895.93108,142342921302.11252,1712210719.6248055,32838729992.78173,81472057563.87267,3521502975.925045,11810832840.643381,44610254728.98016,653915774.4039901,15361989648.293589,22973304530.49772
28,7917886665.394043,138919636507.11703,145597448677.29578,14459509974.15629,23695339612.001595,1393714097.2412586,1515228450.4596872,1532644404.6570277,65136261534.73571,573974094.0964602,7943393414.340459,1618568149.4402485,8842188654.702711,50055844593.01506,19515845273.916805,24029100744.725323,2373158864.663465,4823800891.820995,12841581532.737322,5504743809.9394045,230796527794.00256,226478098275.9083,229016323180.85706,6982326894.288881,72378767081.35535,391610385147.1743,14004043981.395956,52886502175.3414,40195497007.133125,181345621887.56473,1614600899.4059787,1282324293.4128902,75116327800.3027,1077969488.98725,20528082737.94161,2578306291.978296,30192707998.54822,126351824895.93076,0.0,111427380548.32579,1276397856.1627462,13378336093.694517,65211524401.97587,2902371325.2053432,10411707330.396042,44634191394.95741,646926989.5763533,12792346124.084984,13278322084.761122
29,27205648702.239223,156615737769.83453,1984716025359.855,86092598166.5993,84766821517.53996,5293857585.060579,6510494939.836449,5786981526.195308,104457443419.32407,2200358746.623309,31364592143.99197,6001010226.81445,41124952672.40762,182852749405.0941,78590329266.35782,159269983051.42892,9526961261.90045,31700877450.185593,58367894080.96214,21995020180.670036,80074289185.44516,220074603874.39886,132388659442.95366,31362039988.7688,410958078386.2288,787946926767.5355,81940469464.97643,60112964362.368866,375116633198.02155,234128996307.1397,8127167841.532401,6908082547.915739,172199291370.46964,3953756944.0492024,87233986824.0706,10999660962.728785,146811270561.77545,142342921302.11264,111427380548.32593,0.0,5885635054.22415,125433265798.78912,501864675714.35645,17988164144.219784,40325647145.994415,119530425348.34671,2198725118.30316,112922182455.11969,54852155711.24932
30,567823414.2242408,4466434490.905424,9378626462.09598,9691260837.762815,2351981925.1803083,201449835.85928282,6874816812.414015,242467783.15136516,3064557129.657525,90793700.66661368,1129049457.4049902,176811157.66277513,2924532449.0405145,39198156294.48518,2330793727.4877243,4669871412.5008955,5478481002.789468,2880544677.7618427,1549846584.8876588,25589756778.36264,1960980508.6995876,4592610621.283846,2035594382.2087696,21211153321.513557,5941015630.671475,15675563763.180471,15011693885.845463,1541797603.7804863,3188419302.9813313,3406288054.4087024,12079988173.691149,3734594725.559485,2603726921.370354,179535289.67449513,2770041014.2459044,5673317576.75686,3881349835.302702,1712210719.6248248,1276397856.162748,5885635054.224168,0.0,3217366038.8015995,4064147723.4865904,3938674971.5057507,1577179979.9694965,3146460351.251487,62026643.73828916,3242707749.3218284,4333734850.30515
20,4299706096.704055,28886304597.031944,130075382536.27634,31601393382.498943,14965260869.21055,1045271994.2174952,3772037209.7860484,1182977558.6742938,19203708275.771824,446908126.8722159,6046918091.065863,1087771444.1254241,14706221140.42246,64485358999.535095,14283562047.717646,23882259453.150036,4821156878.1156,12793816245.28566,9807532330.20524,9684541060.484793,23889036651.04798,35451542835.71079,18464986778.963905,20007209267.11903,54040937109.11004,304760213458.4396,112321117583.23839,10297392767.324978,195639567005.53564,31775044833.64051,6877770616.674255,2539859897.522826,23274619245.713562,835723441.7572978,15794565393.58889,6279124010.3463,23255997145.99008,32838729992.78181,13378336093.69459,125433265798.7891,3217366038.8016047,0.0,47402112835.881775,7052790034.139818,8005707256.062062,20974367810.649616,391030842.2438968,47541879084.0377,18589356178.556084
18,67203817070.85303,158484472503.1883,2917336417511.701,88152478722.90347,160008616658.85748,7730775931.966143,4051230798.8778734,7873903261.73021,174490115200.57343,3032612245.3177466,48193318784.118286,10616173054.773115,15585796906.754427,96234169141.67567,138147895220.66193,209697278327.51654,6146994436.424052,17826518597.750114,125486594732.9292,15740202324.56493,51556277727.889496,245891040900.24893,110775298263.56183,18796200783.2285,2149960053507.3096,245266370926.88306,41824765906.57502,98902144732.82991,64551541669.91524,401643428175.4506,4853053563.696072,5468577238.589466,739093672990.6973,5042013104.284315,154743250149.6184,6870879278.238715,386493219724.0945,81472057563.87328,65211524401.976105,501864675714.35504,4064147723.486577,47402112835.881805,0.0,11258077813.09772,58225191846.89097,222795822909.1755,4075052776.925769,92864732906.53595,24380883857.906414
46,1200641679.944825,7949456677.277063,31106031834.68355,26855346066.49945,4515321022.150928,356529008.1651163,1681663645.8713167,415748510.6275621,5765048514.901804,156749776.74195632,2045778198.8108518,332185147.3123933,2502711934.740104,19826972558.75986,4369960741.4358015,17560921465.29401,2093947087.3652537,5764185643.541676,3173514148.104022,7159640136.98776,3585910531.5049915,8972080859.466848,4314612583.321889,5816288662.1236515,14036106634.74429,32343999508.54628,11455008947.088152,2963641393.0894017,8182307045.283715,7320266245.578186,6735241634.253028,3189497112.0468307,6078116240.565563,296802419.9389721,5353805931.932238,1974570158.889145,8937933463.937061,3521502975.9250116,2902371325.2053075,17988164144.219498,3938674971.5057473,7052790034.139706,11258077813.097523,0.0,2788399037.5945177,6152323536.368853,118375064.60267273,18629202083.403805,3860757644.8316226
25,25108929909.76289,85582309805.0717,76588220271.54613,16515333711.75984,282051636518.4722,2020797073977.365,1822505509.0877137,487565656498.4566,147340204392.73782,75893208415.2853,3120658066366.07,38577150980.498695,5065519148.183744,46563010569.550285,753444702165.0934,24062358110.571945,3080485267.830463,4181314142.490031,174611943044.42578,7785175020.629669,13675656910.232527,89010153318.05814,25951124485.320248,7943761593.944858,191484375629.31992,65744966382.330414,11671790958.358387,46420978887.58101,11863889648.098759,52189095614.98453,1731181490.05015,1533918178.2380288,45830090668.08123,87943647202.91563,957354267267.0814,3125233584.3515825,67748741636.26585,11810832840.643013,10411707330.395811,40325647145.99352,1577179979.9694583,8005707256.061736,58225191846.89216,2788399037.5944085,0.0,196459164078.33914,6531089580.12587,11177248809.359365,9441808962.746773
51,195577446044.07288,361298152350.75446,252668648359.7949,37015821586.39042,2569649156325.403,28151158235.38892,3623120343.103883,24185342012.295296,2098761919135.617,8992599885.150307,183822790989.98465,88039150933.035,11723313507.501276,96227867012.27602,796751380713.2589,57341405470.778465,5970949592.506904,9474168796.727571,276843737992.7378,14796612629.180944,50238428913.110214,460661645512.141,137429301261.52988,16175324738.704943,660482266243.7747,198990516314.10187,27470501697.80221,422450993656.38074,30571067555.88188,330780424180.16486,3571287357.9705887,3233984159.982927,295799287864.6081,14086261688.182539,386052280438.0514,6197185895.073693,162024321188.11807,44610254728.98035,44634191394.95756,119530425348.34595,3146460351.251469,20974367810.649426,222795822909.17514,6152323536.3691025,196459164078.33743,0.0,80345122263.6125,28066140629.69622,20829967172.078083
11,3679282639.894851,6291436187.694846,4621298058.669667,735759559.621199,1215111536753.2283,971592104.6368773,69175747.31833091,735095338.8677592,28963148734.28409,274472249.470609,6880657422.08446,7237171063.234474,217404216.0647455,1814749939.644264,46816520877.57208,1143644515.6353238,114320248.5101136,178383373.4650907,8361070838.133918,291113543.5448236,768223035.4887743,7777410258.692863,1842891241.066507,307707455.6429997,14115163605.370586,3165488676.4086757,517842197.813981,5584750497.391451,570942180.5649706,4120648310.3803153,68949151.92736065,64071158.495616935,3487706404.1449986,394184959.74129915,10697411638.528337,118355221.75895901,3676902070.8755565,653915774.4039942,646926989.5763565,2198725118.3031626,62026643.73828919,391030842.24389726,4075052776.9257708,118375064.60267287,6531089580.125861,80345122263.6126,0.0,522128840.5113544,389077111.2802741
19,6093762012.322467,28350277306.720818,385960186774.48694,200589712980.8553,20065867166.71745,1430859657.853078,2578034720.7934146,1609838254.990115,25036615040.854412,611614808.8677316,8438445391.586461,1436786840.0097556,8219452960.364843,45043957124.45685,18837893921.251534,97227871460.29305,3563348463.1586246,26829604908.31342,15278487776.73913,9705564408.446985,13703523928.173553,34690921570.295296,17748490013.427174,12681708581.370556,85186383691.03595,139940781653.57114,29513056810.150345,13225311480.002037,46339728841.942986,35796765537.523994,4322053841.726553,5762345154.184023,35854070254.157265,1104379098.0256503,23896971374.33039,4328981823.760896,51054751239.028725,15361989648.293512,12792346124.084835,112922182455.11696,3242707749.3217487,47541879084.03634,92864732906.5288,18629202083.402836,11177248809.358707,28066140629.694542,522128840.51131856,0.0,11971542599.107971
4,3650397413.6126094,41082382581.282326,52688624245.687096,15225947043.261734,14734804551.732725,1221756792.43701,9352498731.257935,1465926060.2034678,23458595747.493332,547706436.2409031,6799864340.837557,1112819731.1634552,181271918305.77783,1180381783831.8796,14669964380.269869,14060032049.890457,13347373923.858273,11138083911.879303,9016614310.264317,24765514772.96872,23885653624.924435,43775782792.596596,20001070326.683186,79143017802.21338,37222514910.598335,279672065587.9191,94749614023.11307,13525090764.645079,49434505791.76482,33638939148.643116,7085808515.478376,1872796285.503656,18832179385.82071,1098581760.84478,16131343821.707819,18315565321.717205,19390571478.3258,22973304530.49799,13278322084.761204,54852155711.24932,4333734850.305143,18589356178.5561,24380883857.90639,3860757644.8316097,9441808962.746765,20829967172.0782,389077111.28027654,11971542599.108599,0.0
